﻿<?xml version="1.0" encoding="utf-8"?>
<component format="1" id="sqlcipher-for-xamarin-ios">
  <name>SQLCipher iOS</name>
  <publisher>Zetetic LLC</publisher>
  <publisher-url>http://sqlcipher.net/</publisher-url>
  <version>3.1.1.0</version>
  <summary>Full database encryption using 256-bit AES.</summary>
  <samples>
    <sample id="sqlcipher-monotouch-demo">
      <name>SQLCipher for iOS Demo.</name>
      <summary>Demonstrates the usage of SQLCipher on iOS.</summary>
    </sample>
  </samples>
</component>